sourceName,date,USD,EUR,number
PARTNER_REUTERS_BIDASK_24H,2020-12-31T01:00:00.000+0000,USD,EUR,0.8125457057
PARTNER_REUTERS_BIDASK_24H,2021-01-01T01:00:00.000+0000,USD,EUR,0.8185985593
PARTNER_REUTERS_BIDASK_24H,2021-01-02T01:00:00.000+0000,USD,EUR,0.8236553826
PARTNER_REUTERS_BIDASK_24H,2021-01-03T01:00:00.000+0000,USD,EUR,0.8236553826
PARTNER_REUTERS_BIDASK_24H,2021-01-04T01:00:00.000+0000,USD,EUR,0.8167265599
PARTNER_REUTERS_BIDASK_24H,2021-01-05T01:00:00.000+0000,USD,EUR,0.8159268930
PARTNER_REUTERS_BIDASK_24H,2021-01-06T01:00:00.000+0000,USD,EUR,0.8131403480
PARTNER_REUTERS_BIDASK_24H,2021-01-07T01:00:00.000+0000,USD,EUR,0.8106355383
PARTNER_REUTERS_BIDASK_24H,2021-01-08T01:00:00.000+0000,USD,EUR,0.8155941603
PARTNER_REUTERS_BIDASK_24H,2021-01-09T01:00:00.000+0000,USD,EUR,0.8183306056
PARTNER_REUTERS_BIDASK_24H,2021-01-10T01:00:00.000+0000,USD,EUR,0.8183306056
PARTNER_REUTERS_BIDASK_24H,2021-01-11T01:00:00.000+0000,USD,EUR,0.8204118467
PARTNER_REUTERS_BIDASK_24H,2021-01-12T01:00:00.000+0000,USD,EUR,0.8225713581
PARTNER_REUTERS_BIDASK_24H,2021-01-13T01:00:00.000+0000,USD,EUR,0.8187326019
PARTNER_REUTERS_BIDASK_24H,2021-01-14T01:00:00.000+0000,USD,EUR,0.8218952905
PARTNER_REUTERS_BIDASK_24H,2021-01-15T01:00:00.000+0000,USD,EUR,0.8227743953
PARTNER_REUTERS_BIDASK_24H,2021-01-16T01:00:00.000+0000,USD,EUR,0.8276775368
PARTNER_REUTERS_BIDASK_24H,2021-01-17T01:00:00.000+0000,USD,EUR,0.8276775368
PARTNER_REUTERS_BIDASK_24H,2021-01-18T01:00:00.000+0000,USD,EUR,0.8278831029
PARTNER_REUTERS_BIDASK_24H,2021-01-19T01:00:00.000+0000,USD,EUR,0.8271982794
PARTNER_REUTERS_BIDASK_24H,2021-01-20T01:00:00.000+0000,USD,EUR,0.8235875474
PARTNER_REUTERS_BIDASK_24H,2021-01-21T01:00:00.000+0000,USD,EUR,0.8254911672
PARTNER_REUTERS_BIDASK_24H,2021-01-22T01:00:00.000+0000,USD,EUR,0.8215576733
PARTNER_REUTERS_BIDASK_24H,2021-01-23T01:00:00.000+0000,USD,EUR,0.8217602104
PARTNER_REUTERS_BIDASK_24H,2021-01-24T01:00:00.000+0000,USD,EUR,0.8217602104
PARTNER_REUTERS_BIDASK_24H,2021-01-25T01:00:00.000+0000,USD,EUR,0.8214227041
PARTNER_REUTERS_BIDASK_24H,2021-01-26T01:00:00.000+0000,USD,EUR,0.8239947264
PARTNER_REUTERS_BIDASK_24H,2021-01-27T01:00:00.000+0000,USD,EUR,0.8217602104
PARTNER_REUTERS_BIDASK_24H,2021-01-28T01:00:00.000+0000,USD,EUR,0.8266512358
PARTNER_REUTERS_BIDASK_24H,2021-01-29T01:00:00.000+0000,USD,EUR,0.8255593164
PARTNER_REUTERS_BIDASK_24H,2021-01-30T01:00:00.000+0000,USD,EUR,0.8239268353
PARTNER_REUTERS_BIDASK_24H,2021-01-31T01:00:00.000+0000,USD,EUR,0.8239268353
PARTNER_REUTERS_BIDASK_24H,2021-02-01T01:00:00.000+0000,USD,EUR,0.8246062505
PARTNER_REUTERS_BIDASK_24H,2021-02-02T01:00:00.000+0000,USD,EUR,0.8287063893
PARTNER_REUTERS_BIDASK_24H,2021-02-03T01:00:00.000+0000,USD,EUR,0.8304268394
PARTNER_REUTERS_BIDASK_24H,2021-02-04T01:00:00.000+0000,USD,EUR,0.8306337736
PARTNER_REUTERS_BIDASK_24H,2021-02-05T01:00:00.000+0000,USD,EUR,0.8353521009
PARTNER_REUTERS_BIDASK_24H,2021-02-06T01:00:00.000+0000,USD,EUR,0.8301510875
PARTNER_REUTERS_BIDASK_24H,2021-02-07T01:00:00.000+0000,USD,EUR,0.8301510875
PARTNER_REUTERS_BIDASK_24H,2021-02-08T01:00:00.000+0000,USD,EUR,0.8305647841
PARTNER_REUTERS_BIDASK_24H,2021-02-09T01:00:00.000+0000,USD,EUR,0.8293937132
PARTNER_REUTERS_BIDASK_24H,2021-02-10T01:00:00.000+0000,USD,EUR,0.8254911672
PARTNER_REUTERS_BIDASK_24H,2021-02-11T01:00:00.000+0000,USD,EUR,0.8253549026
PARTNER_REUTERS_BIDASK_24H,2021-02-12T01:00:00.000+0000,USD,EUR,0.8241984670
PARTNER_REUTERS_BIDASK_24H,2021-02-13T01:00:00.000+0000,USD,EUR,0.8249463785
PARTNER_REUTERS_BIDASK_24H,2021-02-14T01:00:00.000+0000,USD,EUR,0.8249463785
PARTNER_REUTERS_BIDASK_24H,2021-02-15T01:00:00.000+0000,USD,EUR,0.8248102936
PARTNER_REUTERS_BIDASK_24H,2021-02-16T01:00:00.000+0000,USD,EUR,0.8237910866
PARTNER_REUTERS_BIDASK_24H,2021-02-17T01:00:00.000+0000,USD,EUR,0.8271298594
PARTNER_REUTERS_BIDASK_24H,2021-02-18T01:00:00.000+0000,USD,EUR,0.8299443937
PARTNER_REUTERS_BIDASK_24H,2021-02-19T01:00:00.000+0000,USD,EUR,0.8270614507
PARTNER_REUTERS_BIDASK_24H,2021-02-20T01:00:00.000+0000,USD,EUR,0.8250144378
PARTNER_REUTERS_BIDASK_24H,2021-02-22T01:00:00.000+0000,USD,EUR,0.8246062505
PARTNER_REUTERS_BIDASK_24H,2021-02-23T01:00:00.000+0000,USD,EUR,0.8218952905
PARTNER_REUTERS_BIDASK_24H,2021-02-24T01:00:00.000+0000,USD,EUR,0.8225037013
PARTNER_REUTERS_BIDASK_24H,2021-02-25T01:00:00.000+0000,USD,EUR,0.8220304151
PARTNER_REUTERS_BIDASK_24H,2021-02-26T01:00:00.000+0000,USD,EUR,0.8229098091
PARTNER_REUTERS_BIDASK_24H,2021-02-27T01:00:00.000+0000,USD,EUR,0.8279516476
PARTNER_REUTERS_BIDASK_24H,2021-02-28T01:00:00.000+0000,USD,EUR,0.8279516476
PARTNER_REUTERS_BIDASK_24H,2021-03-01T01:00:00.000+0000,USD,EUR,0.8264462810
PARTNER_REUTERS_BIDASK_24H,2021-03-02T01:00:00.000+0000,USD,EUR,0.8300821781
PARTNER_REUTERS_BIDASK_24H,2021-03-03T01:00:00.000+0000,USD,EUR,0.8271298594
PARTNER_REUTERS_BIDASK_24H,2021-03-04T01:00:00.000+0000,USD,EUR,0.8291873964
PARTNER_REUTERS_BIDASK_24H,2021-03-05T01:00:00.000+0000,USD,EUR,0.8357011533
PARTNER_REUTERS_BIDASK_24H,2021-03-06T01:00:00.000+0000,USD,EUR,0.8389965601
PARTNER_REUTERS_BIDASK_24H,2021-03-07T01:00:00.000+0000,USD,EUR,0.8389965601
PARTNER_REUTERS_BIDASK_24H,2021-03-08T01:00:00.000+0000,USD,EUR,0.8380122350
PARTNER_REUTERS_BIDASK_24H,2021-03-09T01:00:00.000+0000,USD,EUR,0.8443806468
PARTNER_REUTERS_BIDASK_24H,2021-03-10T01:00:00.000+0000,USD,EUR,0.8410428932
PARTNER_REUTERS_BIDASK_24H,2021-03-11T01:00:00.000+0000,USD,EUR,0.8389261745
PARTNER_REUTERS_BIDASK_24H,2021-03-12T01:00:00.000+0000,USD,EUR,0.8344459279
PARTNER_REUTERS_BIDASK_24H,2021-03-13T01:00:00.000+0000,USD,EUR,0.8364001338
PARTNER_REUTERS_BIDASK_24H,2021-03-14T01:00:00.000+0000,USD,EUR,0.8364001338
PARTNER_REUTERS_BIDASK_24H,2021-03-15T01:00:00.000+0000,USD,EUR,0.8364001338
PARTNER_REUTERS_BIDASK_24H,2021-03-16T01:00:00.000+0000,USD,EUR,0.8382932350
PARTNER_REUTERS_BIDASK_24H,2021-03-17T01:00:00.000+0000,USD,EUR,0.8399832003
PARTNER_REUTERS_BIDASK_24H,2021-03-18T01:00:00.000+0000,USD,EUR,0.8343763037
PARTNER_REUTERS_BIDASK_24H,2021-03-19T01:00:00.000+0000,USD,EUR,0.8396305626
PARTNER_REUTERS_BIDASK_24H,2021-03-20T01:00:00.000+0000,USD,EUR,0.8399832003
PARTNER_REUTERS_BIDASK_24H,2021-03-21T01:00:00.000+0000,USD,EUR,0.8399832003
PARTNER_REUTERS_BIDASK_24H,2021-03-22T01:00:00.000+0000,USD,EUR,0.8411136345
PARTNER_REUTERS_BIDASK_24H,2021-03-23T01:00:00.000+0000,USD,EUR,0.8380122350
PARTNER_REUTERS_BIDASK_24H,2021-03-24T01:00:00.000+0000,USD,EUR,0.8440955516
PARTNER_REUTERS_BIDASK_24H,2021-03-25T01:00:00.000+0000,USD,EUR,0.8463100880
PARTNER_REUTERS_BIDASK_24H,2021-03-26T01:00:00.000+0000,USD,EUR,0.8491126773
PARTNER_REUTERS_BIDASK_24H,2021-03-27T01:00:00.000+0000,USD,EUR,0.8474576271
PARTNER_REUTERS_BIDASK_24H,2021-03-29T01:00:00.000+0000,USD,EUR,0.8486803021
PARTNER_REUTERS_BIDASK_24H,2021-03-30T01:00:00.000+0000,USD,EUR,0.8496898632
PARTNER_REUTERS_BIDASK_24H,2021-03-31T01:00:00.000+0000,USD,EUR,0.8529512112
PARTNER_REUTERS_BIDASK_24H,2021-04-01T01:00:00.000+0000,USD,EUR,0.8527330093
PARTNER_REUTERS_BIDASK_24H,2021-04-02T01:00:00.000+0000,USD,EUR,0.8493290301
PARTNER_REUTERS_BIDASK_24H,2021-04-03T01:00:00.000+0000,USD,EUR,0.8499065103
PARTNER_REUTERS_BIDASK_24H,2021-04-04T01:00:00.000+0000,USD,EUR,0.8499065103
PARTNER_REUTERS_BIDASK_24H,2021-04-05T01:00:00.000+0000,USD,EUR,0.8497620666
PARTNER_REUTERS_BIDASK_24H,2021-04-06T01:00:00.000+0000,USD,EUR,0.8464533604
PARTNER_REUTERS_BIDASK_24H,2021-04-07T01:00:00.000+0000,USD,EUR,0.8422471153
PARTNER_REUTERS_BIDASK_24H,2021-04-08T01:00:00.000+0000,USD,EUR,0.8423180593
PARTNER_REUTERS_BIDASK_24H,2021-04-09T01:00:00.000+0000,USD,EUR,0.8391373668
PARTNER_REUTERS_BIDASK_24H,2021-04-10T01:00:00.000+0000,USD,EUR,0.8403361345
PARTNER_REUTERS_BIDASK_24H,2021-04-12T01:00:00.000+0000,USD,EUR,0.8401243384
PARTNER_REUTERS_BIDASK_24H,2021-04-13T01:00:00.000+0000,USD,EUR,0.8399832003
PARTNER_REUTERS_BIDASK_24H,2020-12-31T01:00:00.000+0000,USD,KES,109.15
PARTNER_REUTERS_BIDASK_24H,2021-01-01T01:00:00.000+0000,USD,KES,109.1
PARTNER_REUTERS_BIDASK_24H,2021-01-02T01:00:00.000+0000,USD,KES,109.1
PARTNER_REUTERS_BIDASK_24H,2021-01-03T01:00:00.000+0000,USD,KES,109.1
PARTNER_REUTERS_BIDASK_24H,2021-01-04T01:00:00.000+0000,USD,KES,109.1
PARTNER_REUTERS_BIDASK_24H,2021-01-05T01:00:00.000+0000,USD,KES,109.2
PARTNER_REUTERS_BIDASK_24H,2021-01-06T01:00:00.000+0000,USD,KES,109.3
PARTNER_REUTERS_BIDASK_24H,2021-01-07T01:00:00.000+0000,USD,KES,109.4
PARTNER_REUTERS_BIDASK_24H,2021-01-08T01:00:00.000+0000,USD,KES,109.45
PARTNER_REUTERS_BIDASK_24H,2021-01-09T01:00:00.000+0000,USD,KES,109.45
PARTNER_REUTERS_BIDASK_24H,2021-01-10T01:00:00.000+0000,USD,KES,109.45
PARTNER_REUTERS_BIDASK_24H,2021-01-11T01:00:00.000+0000,USD,KES,109.45
PARTNER_REUTERS_BIDASK_24H,2021-01-12T01:00:00.000+0000,USD,KES,109.45
PARTNER_REUTERS_BIDASK_24H,2021-01-13T01:00:00.000+0000,USD,KES,109.6
PARTNER_REUTERS_BIDASK_24H,2021-01-14T01:00:00.000+0000,USD,KES,109.9
PARTNER_REUTERS_BIDASK_24H,2021-01-15T01:00:00.000+0000,USD,KES,109.85
PARTNER_REUTERS_BIDASK_24H,2021-01-16T01:00:00.000+0000,USD,KES,110
PARTNER_REUTERS_BIDASK_24H,2021-01-17T01:00:00.000+0000,USD,KES,110
PARTNER_REUTERS_BIDASK_24H,2021-01-18T01:00:00.000+0000,USD,KES,110
PARTNER_REUTERS_BIDASK_24H,2021-01-19T01:00:00.000+0000,USD,KES,110
PARTNER_REUTERS_BIDASK_24H,2021-01-20T01:00:00.000+0000,USD,KES,110.1
PARTNER_REUTERS_BIDASK_24H,2021-01-21T01:00:00.000+0000,USD,KES,110.1
PARTNER_REUTERS_BIDASK_24H,2021-01-22T01:00:00.000+0000,USD,KES,109.7
PARTNER_REUTERS_BIDASK_24H,2021-01-23T01:00:00.000+0000,USD,KES,109.9
PARTNER_REUTERS_BIDASK_24H,2021-01-24T01:00:00.000+0000,USD,KES,109.9
PARTNER_REUTERS_BIDASK_24H,2021-01-25T01:00:00.000+0000,USD,KES,109.9
PARTNER_REUTERS_BIDASK_24H,2021-01-26T01:00:00.000+0000,USD,KES,110
PARTNER_REUTERS_BIDASK_24H,2021-01-27T01:00:00.000+0000,USD,KES,110
PARTNER_REUTERS_BIDASK_24H,2021-01-28T01:00:00.000+0000,USD,KES,110.07
PARTNER_REUTERS_BIDASK_24H,2021-01-29T01:00:00.000+0000,USD,KES,110.05
PARTNER_REUTERS_BIDASK_24H,2021-01-30T01:00:00.000+0000,USD,KES,110.05
PARTNER_REUTERS_BIDASK_24H,2021-01-31T01:00:00.000+0000,USD,KES,110.05
PARTNER_REUTERS_BIDASK_24H,2021-02-01T01:00:00.000+0000,USD,KES,110.05
PARTNER_REUTERS_BIDASK_24H,2021-02-02T01:00:00.000+0000,USD,KES,110.05
PARTNER_REUTERS_BIDASK_24H,2021-02-03T01:00:00.000+0000,USD,KES,109.9
PARTNER_REUTERS_BIDASK_24H,2021-02-04T01:00:00.000+0000,USD,KES,109.8
PARTNER_REUTERS_BIDASK_24H,2021-02-05T01:00:00.000+0000,USD,KES,109.7
PARTNER_REUTERS_BIDASK_24H,2021-02-06T01:00:00.000+0000,USD,KES,109.55
PARTNER_REUTERS_BIDASK_24H,2021-02-07T01:00:00.000+0000,USD,KES,109.55
PARTNER_REUTERS_BIDASK_24H,2021-02-08T01:00:00.000+0000,USD,KES,109.55
PARTNER_REUTERS_BIDASK_24H,2021-02-09T01:00:00.000+0000,USD,KES,109.55
PARTNER_REUTERS_BIDASK_24H,2021-02-10T01:00:00.000+0000,USD,KES,109.45
PARTNER_REUTERS_BIDASK_24H,2021-02-11T01:00:00.000+0000,USD,KES,109.35
PARTNER_REUTERS_BIDASK_24H,2021-02-12T01:00:00.000+0000,USD,KES,109.35
PARTNER_REUTERS_BIDASK_24H,2021-02-13T01:00:00.000+0000,USD,KES,109.35
PARTNER_REUTERS_BIDASK_24H,2021-02-14T01:00:00.000+0000,USD,KES,109.35
PARTNER_REUTERS_BIDASK_24H,2021-02-15T01:00:00.000+0000,USD,KES,109.35
PARTNER_REUTERS_BIDASK_24H,2021-02-16T01:00:00.000+0000,USD,KES,109.35
PARTNER_REUTERS_BIDASK_24H,2021-02-17T01:00:00.000+0000,USD,KES,109.35
PARTNER_REUTERS_BIDASK_24H,2021-02-18T01:00:00.000+0000,USD,KES,109.45
PARTNER_REUTERS_BIDASK_24H,2021-02-19T01:00:00.000+0000,USD,KES,109.45
PARTNER_REUTERS_BIDASK_24H,2021-02-20T01:00:00.000+0000,USD,KES,109.5
PARTNER_REUTERS_BIDASK_24H,2021-02-22T01:00:00.000+0000,USD,KES,109.5
PARTNER_REUTERS_BIDASK_24H,2021-02-23T01:00:00.000+0000,USD,KES,109.5
PARTNER_REUTERS_BIDASK_24H,2021-02-24T01:00:00.000+0000,USD,KES,109.6
PARTNER_REUTERS_BIDASK_24H,2021-02-25T01:00:00.000+0000,USD,KES,109.7
PARTNER_REUTERS_BIDASK_24H,2021-02-26T01:00:00.000+0000,USD,KES,109.7
PARTNER_REUTERS_BIDASK_24H,2021-02-27T01:00:00.000+0000,USD,KES,109.7
PARTNER_REUTERS_BIDASK_24H,2021-02-28T01:00:00.000+0000,USD,KES,109.7
PARTNER_REUTERS_BIDASK_24H,2021-03-01T01:00:00.000+0000,USD,KES,109.7
PARTNER_REUTERS_BIDASK_24H,2021-03-02T01:00:00.000+0000,USD,KES,109.7
PARTNER_REUTERS_BIDASK_24H,2021-03-03T01:00:00.000+0000,USD,KES,109.7
PARTNER_REUTERS_BIDASK_24H,2021-03-04T01:00:00.000+0000,USD,KES,109.6
PARTNER_REUTERS_BIDASK_24H,2021-03-05T01:00:00.000+0000,USD,KES,109.55
PARTNER_REUTERS_BIDASK_24H,2021-03-06T01:00:00.000+0000,USD,KES,109.55
PARTNER_REUTERS_BIDASK_24H,2021-03-07T01:00:00.000+0000,USD,KES,109.55
PARTNER_REUTERS_BIDASK_24H,2021-03-08T01:00:00.000+0000,USD,KES,109.55
PARTNER_REUTERS_BIDASK_24H,2021-03-09T01:00:00.000+0000,USD,KES,109.55
PARTNER_REUTERS_BIDASK_24H,2021-03-10T01:00:00.000+0000,USD,KES,109.55
PARTNER_REUTERS_BIDASK_24H,2021-03-11T01:00:00.000+0000,USD,KES,109.55
PARTNER_REUTERS_BIDASK_24H,2021-03-12T01:00:00.000+0000,USD,KES,109.55
PARTNER_REUTERS_BIDASK_24H,2021-03-13T01:00:00.000+0000,USD,KES,109.55
PARTNER_REUTERS_BIDASK_24H,2021-03-14T01:00:00.000+0000,USD,KES,109.55
PARTNER_REUTERS_BIDASK_24H,2021-03-15T01:00:00.000+0000,USD,KES,109.55
PARTNER_REUTERS_BIDASK_24H,2021-03-16T01:00:00.000+0000,USD,KES,109.55
PARTNER_REUTERS_BIDASK_24H,2021-03-17T01:00:00.000+0000,USD,KES,109.6
PARTNER_REUTERS_BIDASK_24H,2021-03-18T01:00:00.000+0000,USD,KES,109.7
PARTNER_REUTERS_BIDASK_24H,2021-03-19T01:00:00.000+0000,USD,KES,109.75
PARTNER_REUTERS_BIDASK_24H,2021-03-20T01:00:00.000+0000,USD,KES,109.75
PARTNER_REUTERS_BIDASK_24H,2021-03-21T01:00:00.000+0000,USD,KES,109.75
PARTNER_REUTERS_BIDASK_24H,2021-03-22T01:00:00.000+0000,USD,KES,109.75
PARTNER_REUTERS_BIDASK_24H,2021-03-23T01:00:00.000+0000,USD,KES,109.75
PARTNER_REUTERS_BIDASK_24H,2021-03-24T01:00:00.000+0000,USD,KES,109.75
PARTNER_REUTERS_BIDASK_24H,2021-03-25T01:00:00.000+0000,USD,KES,109.7
PARTNER_REUTERS_BIDASK_24H,2021-03-26T01:00:00.000+0000,USD,KES,109.65
PARTNER_REUTERS_BIDASK_24H,2021-03-27T01:00:00.000+0000,USD,KES,109.65
PARTNER_REUTERS_BIDASK_24H,2021-03-29T01:00:00.000+0000,USD,KES,109.65
PARTNER_REUTERS_BIDASK_24H,2021-03-30T01:00:00.000+0000,USD,KES,109.6
PARTNER_REUTERS_BIDASK_24H,2021-03-31T01:00:00.000+0000,USD,KES,109.4
PARTNER_REUTERS_BIDASK_24H,2021-04-01T01:00:00.000+0000,USD,KES,109.25
PARTNER_REUTERS_BIDASK_24H,2021-04-02T01:00:00.000+0000,USD,KES,108.8
PARTNER_REUTERS_BIDASK_24H,2021-04-03T01:00:00.000+0000,USD,KES,108.8
PARTNER_REUTERS_BIDASK_24H,2021-04-04T01:00:00.000+0000,USD,KES,108.8
PARTNER_REUTERS_BIDASK_24H,2021-04-05T01:00:00.000+0000,USD,KES,108.8
PARTNER_REUTERS_BIDASK_24H,2021-04-06T01:00:00.000+0000,USD,KES,108.8
PARTNER_REUTERS_BIDASK_24H,2021-04-07T01:00:00.000+0000,USD,KES,108.5
PARTNER_REUTERS_BIDASK_24H,2021-04-08T01:00:00.000+0000,USD,KES,108.15
PARTNER_REUTERS_BIDASK_24H,2021-04-09T01:00:00.000+0000,USD,KES,107.9
PARTNER_REUTERS_BIDASK_24H,2021-04-10T01:00:00.000+0000,USD,KES,107.2
PARTNER_REUTERS_BIDASK_24H,2021-04-12T01:00:00.000+0000,USD,KES,107.2
PARTNER_REUTERS_BIDASK_24H,2021-04-13T01:00:00.000+0000,USD,KES,107
PARTNER_REUTERS_BIDASK_24H,2020-12-31T01:00:00.000+0000,USD,GBP,0.7328154771
PARTNER_REUTERS_BIDASK_24H,2021-01-01T01:00:00.000+0000,USD,GBP,0.7311544929
PARTNER_REUTERS_BIDASK_24H,2021-01-02T01:00:00.000+0000,USD,GBP,0.7312614260
PARTNER_REUTERS_BIDASK_24H,2021-01-03T01:00:00.000+0000,USD,GBP,0.7312614260
PARTNER_REUTERS_BIDASK_24H,2021-01-04T01:00:00.000+0000,USD,GBP,0.7315288954
PARTNER_REUTERS_BIDASK_24H,2021-01-05T01:00:00.000+0000,USD,GBP,0.7366482505
PARTNER_REUTERS_BIDASK_24H,2021-01-06T01:00:00.000+0000,USD,GBP,0.7335142669
PARTNER_REUTERS_BIDASK_24H,2021-01-07T01:00:00.000+0000,USD,GBP,0.7340527050
PARTNER_REUTERS_BIDASK_24H,2021-01-08T01:00:00.000+0000,USD,GBP,0.7373000074
PARTNER_REUTERS_BIDASK_24H,2021-01-09T01:00:00.000+0000,USD,GBP,0.7370283019
PARTNER_REUTERS_BIDASK_24H,2021-01-10T01:00:00.000+0000,USD,GBP,0.7370283019
PARTNER_REUTERS_BIDASK_24H,2021-01-11T01:00:00.000+0000,USD,GBP,0.7392622163
PARTNER_REUTERS_BIDASK_24H,2021-01-12T01:00:00.000+0000,USD,GBP,0.7398638650
PARTNER_REUTERS_BIDASK_24H,2021-01-13T01:00:00.000+0000,USD,GBP,0.7314218841
PARTNER_REUTERS_BIDASK_24H,2021-01-14T01:00:00.000+0000,USD,GBP,0.7325470661
PARTNER_REUTERS_BIDASK_24H,2021-01-15T01:00:00.000+0000,USD,GBP,0.7305669199
PARTNER_REUTERS_BIDASK_24H,2021-01-16T01:00:00.000+0000,USD,GBP,0.7357810316
PARTNER_REUTERS_BIDASK_24H,2021-01-17T01:00:00.000+0000,USD,GBP,0.7357810316
PARTNER_REUTERS_BIDASK_24H,2021-01-18T01:00:00.000+0000,USD,GBP,0.7361059993
PARTNER_REUTERS_BIDASK_24H,2021-01-19T01:00:00.000+0000,USD,GBP,0.7354563507
PARTNER_REUTERS_BIDASK_24H,2021-01-20T01:00:00.000+0000,USD,GBP,0.7329766180
PARTNER_REUTERS_BIDASK_24H,2021-01-21T01:00:00.000+0000,USD,GBP,0.7318501171
PARTNER_REUTERS_BIDASK_24H,2021-01-22T01:00:00.000+0000,USD,GBP,0.7282790765
PARTNER_REUTERS_BIDASK_24H,2021-01-23T01:00:00.000+0000,USD,GBP,0.7305135510
PARTNER_REUTERS_BIDASK_24H,2021-01-24T01:00:00.000+0000,USD,GBP,0.7305135510
PARTNER_REUTERS_BIDASK_24H,2021-01-25T01:00:00.000+0000,USD,GBP,0.7304601899
PARTNER_REUTERS_BIDASK_24H,2021-01-26T01:00:00.000+0000,USD,GBP,0.7316359380
PARTNER_REUTERS_BIDASK_24H,2021-01-27T01:00:00.000+0000,USD,GBP,0.7274314396
PARTNER_REUTERS_BIDASK_24H,2021-01-28T01:00:00.000+0000,USD,GBP,0.7317965606
PARTNER_REUTERS_BIDASK_24H,2021-01-29T01:00:00.000+0000,USD,GBP,0.7291286912
PARTNER_REUTERS_BIDASK_24H,2021-01-30T01:00:00.000+0000,USD,GBP,0.7291286912
PARTNER_REUTERS_BIDASK_24H,2021-01-31T01:00:00.000+0000,USD,GBP,0.7291286912
PARTNER_REUTERS_BIDASK_24H,2021-02-01T01:00:00.000+0000,USD,GBP,0.7296607078
PARTNER_REUTERS_BIDASK_24H,2021-02-02T01:00:00.000+0000,USD,GBP,0.7314218841
PARTNER_REUTERS_BIDASK_24H,2021-02-03T01:00:00.000+0000,USD,GBP,0.7316894710
PARTNER_REUTERS_BIDASK_24H,2021-02-04T01:00:00.000+0000,USD,GBP,0.7328154771
PARTNER_REUTERS_BIDASK_24H,2021-02-05T01:00:00.000+0000,USD,GBP,0.7306202966
PARTNER_REUTERS_BIDASK_24H,2021-02-06T01:00:00.000+0000,USD,GBP,0.7278550113
PARTNER_REUTERS_BIDASK_24H,2021-02-07T01:00:00.000+0000,USD,GBP,0.7278550113
PARTNER_REUTERS_BIDASK_24H,2021-02-08T01:00:00.000+0000,USD,GBP,0.7280669822
PARTNER_REUTERS_BIDASK_24H,2021-02-09T01:00:00.000+0000,USD,GBP,0.7271669575
PARTNER_REUTERS_BIDASK_24H,2021-02-10T01:00:00.000+0000,USD,GBP,0.7240081089
PARTNER_REUTERS_BIDASK_24H,2021-02-11T01:00:00.000+0000,USD,GBP,0.7231703789
PARTNER_REUTERS_BIDASK_24H,2021-02-12T01:00:00.000+0000,USD,GBP,0.7242702977
PARTNER_REUTERS_BIDASK_24H,2021-02-13T01:00:00.000+0000,USD,GBP,0.7223345854
PARTNER_REUTERS_BIDASK_24H,2021-02-14T01:00:00.000+0000,USD,GBP,0.7223345854
PARTNER_REUTERS_BIDASK_24H,2021-02-15T01:00:00.000+0000,USD,GBP,0.7205649229
PARTNER_REUTERS_BIDASK_24H,2021-02-16T01:00:00.000+0000,USD,GBP,0.7180812868
PARTNER_REUTERS_BIDASK_24H,2021-02-17T01:00:00.000+0000,USD,GBP,0.7208246234
PARTNER_REUTERS_BIDASK_24H,2021-02-18T01:00:00.000+0000,USD,GBP,0.7207726683
PARTNER_REUTERS_BIDASK_24H,2021-02-19T01:00:00.000+0000,USD,GBP,0.7160246312
PARTNER_REUTERS_BIDASK_24H,2021-02-20T01:00:00.000+0000,USD,GBP,0.7133176403
PARTNER_REUTERS_BIDASK_24H,2021-02-22T01:00:00.000+0000,USD,GBP,0.7126060001
PARTNER_REUTERS_BIDASK_24H,2021-02-23T01:00:00.000+0000,USD,GBP,0.7106815436
PARTNER_REUTERS_BIDASK_24H,2021-02-24T01:00:00.000+0000,USD,GBP,0.7078142695
PARTNER_REUTERS_BIDASK_24H,2021-02-25T01:00:00.000+0000,USD,GBP,0.7067637289
PARTNER_REUTERS_BIDASK_24H,2021-02-26T01:00:00.000+0000,USD,GBP,0.7154611147
PARTNER_REUTERS_BIDASK_24H,2021-02-27T01:00:00.000+0000,USD,GBP,0.7175145297
PARTNER_REUTERS_BIDASK_24H,2021-02-28T01:00:00.000+0000,USD,GBP,0.7175145297
PARTNER_REUTERS_BIDASK_24H,2021-03-01T01:00:00.000+0000,USD,GBP,0.7148984844
PARTNER_REUTERS_BIDASK_24H,2021-03-02T01:00:00.000+0000,USD,GBP,0.7179781735
PARTNER_REUTERS_BIDASK_24H,2021-03-03T01:00:00.000+0000,USD,GBP,0.7164863509
PARTNER_REUTERS_BIDASK_24H,2021-03-04T01:00:00.000+0000,USD,GBP,0.7174115790
PARTNER_REUTERS_BIDASK_24H,2021-03-05T01:00:00.000+0000,USD,GBP,0.7199942400
PARTNER_REUTERS_BIDASK_24H,2021-03-06T01:00:00.000+0000,USD,GBP,0.7222302470
PARTNER_REUTERS_BIDASK_24H,2021-03-07T01:00:00.000+0000,USD,GBP,0.7222302470
PARTNER_REUTERS_BIDASK_24H,2021-03-08T01:00:00.000+0000,USD,GBP,0.7216569243
PARTNER_REUTERS_BIDASK_24H,2021-03-09T01:00:00.000+0000,USD,GBP,0.7241129616
PARTNER_REUTERS_BIDASK_24H,2021-03-10T01:00:00.000+0000,USD,GBP,0.7202535292
PARTNER_REUTERS_BIDASK_24H,2021-03-11T01:00:00.000+0000,USD,GBP,0.7179781735
PARTNER_REUTERS_BIDASK_24H,2021-03-12T01:00:00.000+0000,USD,GBP,0.7146941109
PARTNER_REUTERS_BIDASK_24H,2021-03-13T01:00:00.000+0000,USD,GBP,0.7180297264
PARTNER_REUTERS_BIDASK_24H,2021-03-14T01:00:00.000+0000,USD,GBP,0.7180297264
PARTNER_REUTERS_BIDASK_24H,2021-03-15T01:00:00.000+0000,USD,GBP,0.7172057663
PARTNER_REUTERS_BIDASK_24H,2021-03-16T01:00:00.000+0000,USD,GBP,0.7198387561
PARTNER_REUTERS_BIDASK_24H,2021-03-17T01:00:00.000+0000,USD,GBP,0.7192174914
PARTNER_REUTERS_BIDASK_24H,2021-03-18T01:00:00.000+0000,USD,GBP,0.7158708569
PARTNER_REUTERS_BIDASK_24H,2021-03-19T01:00:00.000+0000,USD,GBP,0.7191140515
PARTNER_REUTERS_BIDASK_24H,2021-03-20T01:00:00.000+0000,USD,GBP,0.7205130053
PARTNER_REUTERS_BIDASK_24H,2021-03-21T01:00:00.000+0000,USD,GBP,0.7205130053
PARTNER_REUTERS_BIDASK_24H,2021-03-22T01:00:00.000+0000,USD,GBP,0.7227522405
PARTNER_REUTERS_BIDASK_24H,2021-03-23T01:00:00.000+0000,USD,GBP,0.7220216606
PARTNER_REUTERS_BIDASK_24H,2021-03-24T01:00:00.000+0000,USD,GBP,0.7278550113
PARTNER_REUTERS_BIDASK_24H,2021-03-25T01:00:00.000+0000,USD,GBP,0.7301935013
PARTNER_REUTERS_BIDASK_24H,2021-03-26T01:00:00.000+0000,USD,GBP,0.7273256237
PARTNER_REUTERS_BIDASK_24H,2021-03-27T01:00:00.000+0000,USD,GBP,0.7251105794
PARTNER_REUTERS_BIDASK_24H,2021-03-29T01:00:00.000+0000,USD,GBP,0.7257420713
PARTNER_REUTERS_BIDASK_24H,2021-03-30T01:00:00.000+0000,USD,GBP,0.7262691553
PARTNER_REUTERS_BIDASK_24H,2021-03-31T01:00:00.000+0000,USD,GBP,0.7276431638
PARTNER_REUTERS_BIDASK_24H,2021-04-01T01:00:00.000+0000,USD,GBP,0.7254788160
PARTNER_REUTERS_BIDASK_24H,2021-04-02T01:00:00.000+0000,USD,GBP,0.7225433526
PARTNER_REUTERS_BIDASK_24H,2021-04-03T01:00:00.000+0000,USD,GBP,0.7228044814
PARTNER_REUTERS_BIDASK_24H,2021-04-04T01:00:00.000+0000,USD,GBP,0.7228044814
PARTNER_REUTERS_BIDASK_24H,2021-04-05T01:00:00.000+0000,USD,GBP,0.7230657990
PARTNER_REUTERS_BIDASK_24H,2021-04-06T01:00:00.000+0000,USD,GBP,0.7191657677
PARTNER_REUTERS_BIDASK_24H,2021-04-07T01:00:00.000+0000,USD,GBP,0.7229089858
PARTNER_REUTERS_BIDASK_24H,2021-04-08T01:00:00.000+0000,USD,GBP,0.7275372863
PARTNER_REUTERS_BIDASK_24H,2021-04-09T01:00:00.000+0000,USD,GBP,0.7274314396
PARTNER_REUTERS_BIDASK_24H,2021-04-10T01:00:00.000+0000,USD,GBP,0.7293414047
PARTNER_REUTERS_BIDASK_24H,2021-04-12T01:00:00.000+0000,USD,GBP,0.7292882147
PARTNER_REUTERS_BIDASK_24H,2021-04-13T01:00:00.000+0000,USD,GBP,0.7274843591
PARTNER_REUTERS_BIDASK_24H,2020-12-31T01:00:00.000+0000,USD,TRY,7.3792
PARTNER_REUTERS_BIDASK_24H,2021-01-01T01:00:00.000+0000,USD,TRY,7.4371
PARTNER_REUTERS_BIDASK_24H,2021-01-02T01:00:00.000+0000,USD,TRY,7.4371
PARTNER_REUTERS_BIDASK_24H,2021-01-03T01:00:00.000+0000,USD,TRY,7.4371
PARTNER_REUTERS_BIDASK_24H,2021-01-04T01:00:00.000+0000,USD,TRY,7.4299
PARTNER_REUTERS_BIDASK_24H,2021-01-05T01:00:00.000+0000,USD,TRY,7.4193
PARTNER_REUTERS_BIDASK_24H,2021-01-06T01:00:00.000+0000,USD,TRY,7.3849
PARTNER_REUTERS_BIDASK_24H,2021-01-07T01:00:00.000+0000,USD,TRY,7.3023
PARTNER_REUTERS_BIDASK_24H,2021-01-08T01:00:00.000+0000,USD,TRY,7.3299
PARTNER_REUTERS_BIDASK_24H,2021-01-09T01:00:00.000+0000,USD,TRY,7.3713
PARTNER_REUTERS_BIDASK_24H,2021-01-10T01:00:00.000+0000,USD,TRY,7.3713
PARTNER_REUTERS_BIDASK_24H,2021-01-11T01:00:00.000+0000,USD,TRY,7.357
PARTNER_REUTERS_BIDASK_24H,2021-01-12T01:00:00.000+0000,USD,TRY,7.4746
PARTNER_REUTERS_BIDASK_24H,2021-01-13T01:00:00.000+0000,USD,TRY,7.4496
PARTNER_REUTERS_BIDASK_24H,2021-01-14T01:00:00.000+0000,USD,TRY,7.3971
PARTNER_REUTERS_BIDASK_24H,2021-01-15T01:00:00.000+0000,USD,TRY,7.365
PARTNER_REUTERS_BIDASK_24H,2021-01-16T01:00:00.000+0000,USD,TRY,7.4733
PARTNER_REUTERS_BIDASK_24H,2021-01-17T01:00:00.000+0000,USD,TRY,7.4733
PARTNER_REUTERS_BIDASK_24H,2021-01-18T01:00:00.000+0000,USD,TRY,7.465
PARTNER_REUTERS_BIDASK_24H,2021-01-19T01:00:00.000+0000,USD,TRY,7.481
PARTNER_REUTERS_BIDASK_24H,2021-01-20T01:00:00.000+0000,USD,TRY,7.465
PARTNER_REUTERS_BIDASK_24H,2021-01-21T01:00:00.000+0000,USD,TRY,7.4169
PARTNER_REUTERS_BIDASK_24H,2021-01-22T01:00:00.000+0000,USD,TRY,7.3661
PARTNER_REUTERS_BIDASK_24H,2021-01-23T01:00:00.000+0000,USD,TRY,7.4106
PARTNER_REUTERS_BIDASK_24H,2021-01-24T01:00:00.000+0000,USD,TRY,7.4106
PARTNER_REUTERS_BIDASK_24H,2021-01-25T01:00:00.000+0000,USD,TRY,7.4139
PARTNER_REUTERS_BIDASK_24H,2021-01-26T01:00:00.000+0000,USD,TRY,7.405
PARTNER_REUTERS_BIDASK_24H,2021-01-27T01:00:00.000+0000,USD,TRY,7.3475
PARTNER_REUTERS_BIDASK_24H,2021-01-28T01:00:00.000+0000,USD,TRY,7.4029
PARTNER_REUTERS_BIDASK_24H,2021-01-29T01:00:00.000+0000,USD,TRY,7.3432
PARTNER_REUTERS_BIDASK_24H,2021-01-30T01:00:00.000+0000,USD,TRY,7.3099
PARTNER_REUTERS_BIDASK_24H,2021-01-31T01:00:00.000+0000,USD,TRY,7.3099
PARTNER_REUTERS_BIDASK_24H,2021-02-01T01:00:00.000+0000,USD,TRY,7.2783
PARTNER_REUTERS_BIDASK_24H,2021-02-02T01:00:00.000+0000,USD,TRY,7.1814
PARTNER_REUTERS_BIDASK_24H,2021-02-03T01:00:00.000+0000,USD,TRY,7.1954
PARTNER_REUTERS_BIDASK_24H,2021-02-04T01:00:00.000+0000,USD,TRY,7.1557
PARTNER_REUTERS_BIDASK_24H,2021-02-05T01:00:00.000+0000,USD,TRY,7.1297
PARTNER_REUTERS_BIDASK_24H,2021-02-06T01:00:00.000+0000,USD,TRY,7.0488
PARTNER_REUTERS_BIDASK_24H,2021-02-07T01:00:00.000+0000,USD,TRY,7.0488
PARTNER_REUTERS_BIDASK_24H,2021-02-08T01:00:00.000+0000,USD,TRY,7.05
PARTNER_REUTERS_BIDASK_24H,2021-02-09T01:00:00.000+0000,USD,TRY,7.0778
PARTNER_REUTERS_BIDASK_24H,2021-02-10T01:00:00.000+0000,USD,TRY,7.0593
PARTNER_REUTERS_BIDASK_24H,2021-02-11T01:00:00.000+0000,USD,TRY,7.053
PARTNER_REUTERS_BIDASK_24H,2021-02-12T01:00:00.000+0000,USD,TRY,7.024
PARTNER_REUTERS_BIDASK_24H,2021-02-13T01:00:00.000+0000,USD,TRY,7.0325
PARTNER_REUTERS_BIDASK_24H,2021-02-14T01:00:00.000+0000,USD,TRY,7.0325
PARTNER_REUTERS_BIDASK_24H,2021-02-15T01:00:00.000+0000,USD,TRY,7.0273
PARTNER_REUTERS_BIDASK_24H,2021-02-16T01:00:00.000+0000,USD,TRY,6.9577
PARTNER_REUTERS_BIDASK_24H,2021-02-17T01:00:00.000+0000,USD,TRY,6.9909
PARTNER_REUTERS_BIDASK_24H,2021-02-18T01:00:00.000+0000,USD,TRY,6.9692
PARTNER_REUTERS_BIDASK_24H,2021-02-19T01:00:00.000+0000,USD,TRY,6.976
PARTNER_REUTERS_BIDASK_24H,2021-02-20T01:00:00.000+0000,USD,TRY,6.958
PARTNER_REUTERS_BIDASK_24H,2021-02-22T01:00:00.000+0000,USD,TRY,6.9817
PARTNER_REUTERS_BIDASK_24H,2021-02-23T01:00:00.000+0000,USD,TRY,7.014
PARTNER_REUTERS_BIDASK_24H,2021-02-24T01:00:00.000+0000,USD,TRY,7.102
PARTNER_REUTERS_BIDASK_24H,2021-02-25T01:00:00.000+0000,USD,TRY,7.1607
PARTNER_REUTERS_BIDASK_24H,2021-02-26T01:00:00.000+0000,USD,TRY,7.351
PARTNER_REUTERS_BIDASK_24H,2021-02-27T01:00:00.000+0000,USD,TRY,7.4226
PARTNER_REUTERS_BIDASK_24H,2021-02-28T01:00:00.000+0000,USD,TRY,7.4226
PARTNER_REUTERS_BIDASK_24H,2021-03-01T01:00:00.000+0000,USD,TRY,7.3932
PARTNER_REUTERS_BIDASK_24H,2021-03-02T01:00:00.000+0000,USD,TRY,7.2759
PARTNER_REUTERS_BIDASK_24H,2021-03-03T01:00:00.000+0000,USD,TRY,7.3417
PARTNER_REUTERS_BIDASK_24H,2021-03-04T01:00:00.000+0000,USD,TRY,7.4553
PARTNER_REUTERS_BIDASK_24H,2021-03-05T01:00:00.000+0000,USD,TRY,7.5202
PARTNER_REUTERS_BIDASK_24H,2021-03-06T01:00:00.000+0000,USD,TRY,7.5348
PARTNER_REUTERS_BIDASK_24H,2021-03-07T01:00:00.000+0000,USD,TRY,7.5348
PARTNER_REUTERS_BIDASK_24H,2021-03-08T01:00:00.000+0000,USD,TRY,7.5144
PARTNER_REUTERS_BIDASK_24H,2021-03-09T01:00:00.000+0000,USD,TRY,7.7695
PARTNER_REUTERS_BIDASK_24H,2021-03-10T01:00:00.000+0000,USD,TRY,7.6019
PARTNER_REUTERS_BIDASK_24H,2021-03-11T01:00:00.000+0000,USD,TRY,7.4992
PARTNER_REUTERS_BIDASK_24H,2021-03-12T01:00:00.000+0000,USD,TRY,7.4778
PARTNER_REUTERS_BIDASK_24H,2021-03-13T01:00:00.000+0000,USD,TRY,7.5586
PARTNER_REUTERS_BIDASK_24H,2021-03-14T01:00:00.000+0000,USD,TRY,7.5586
PARTNER_REUTERS_BIDASK_24H,2021-03-15T01:00:00.000+0000,USD,TRY,7.5591
PARTNER_REUTERS_BIDASK_24H,2021-03-16T01:00:00.000+0000,USD,TRY,7.5294
PARTNER_REUTERS_BIDASK_24H,2021-03-17T01:00:00.000+0000,USD,TRY,7.4896
PARTNER_REUTERS_BIDASK_24H,2021-03-18T01:00:00.000+0000,USD,TRY,7.492
PARTNER_REUTERS_BIDASK_24H,2021-03-19T01:00:00.000+0000,USD,TRY,7.3236
PARTNER_REUTERS_BIDASK_24H,2021-03-20T01:00:00.000+0000,USD,TRY,7.214
PARTNER_REUTERS_BIDASK_24H,2021-03-21T01:00:00.000+0000,USD,TRY,7.214
PARTNER_REUTERS_BIDASK_24H,2021-03-22T01:00:00.000+0000,USD,TRY,8.1233
PARTNER_REUTERS_BIDASK_24H,2021-03-23T01:00:00.000+0000,USD,TRY,7.8267
PARTNER_REUTERS_BIDASK_24H,2021-03-24T01:00:00.000+0000,USD,TRY,7.9365
PARTNER_REUTERS_BIDASK_24H,2021-03-25T01:00:00.000+0000,USD,TRY,7.9107
PARTNER_REUTERS_BIDASK_24H,2021-03-26T01:00:00.000+0000,USD,TRY,7.9432
PARTNER_REUTERS_BIDASK_24H,2021-03-27T01:00:00.000+0000,USD,TRY,8.135
PARTNER_REUTERS_BIDASK_24H,2021-03-29T01:00:00.000+0000,USD,TRY,8.1065
PARTNER_REUTERS_BIDASK_24H,2021-03-30T01:00:00.000+0000,USD,TRY,8.2476
PARTNER_REUTERS_BIDASK_24H,2021-03-31T01:00:00.000+0000,USD,TRY,8.3317
PARTNER_REUTERS_BIDASK_24H,2021-04-01T01:00:00.000+0000,USD,TRY,8.2397
PARTNER_REUTERS_BIDASK_24H,2021-04-02T01:00:00.000+0000,USD,TRY,8.1194
PARTNER_REUTERS_BIDASK_24H,2021-04-03T01:00:00.000+0000,USD,TRY,8.1619
PARTNER_REUTERS_BIDASK_24H,2021-04-04T01:00:00.000+0000,USD,TRY,8.1619
PARTNER_REUTERS_BIDASK_24H,2021-04-05T01:00:00.000+0000,USD,TRY,8.1995
PARTNER_REUTERS_BIDASK_24H,2021-04-06T01:00:00.000+0000,USD,TRY,8.1039
PARTNER_REUTERS_BIDASK_24H,2021-04-07T01:00:00.000+0000,USD,TRY,8.1346
PARTNER_REUTERS_BIDASK_24H,2021-04-08T01:00:00.000+0000,USD,TRY,8.149
PARTNER_REUTERS_BIDASK_24H,2021-04-09T01:00:00.000+0000,USD,TRY,8.129
PARTNER_REUTERS_BIDASK_24H,2021-04-10T01:00:00.000+0000,USD,TRY,8.1534
PARTNER_REUTERS_BIDASK_24H,2021-04-12T01:00:00.000+0000,USD,TRY,8.165
PARTNER_REUTERS_BIDASK_24H,2021-04-13T01:00:00.000+0000,USD,TRY,8.1439
